Bit Length,Cracking Time (ms)
15,0.03695487976074219
16,0.8709430694580078
17,0.2148151397705078
18,0.8130073547363281
19,3.5059452056884766
20,8.349895477294922
